"HEDIS Data Analyst (Full Time, Remote, North Carolina Based)",https://www.indeed.com/rc/clk?jk=8247e3a25a16d53d&bb=2IeCU1ILT6rtPOLTy3HRUlke-hF9SAa9BhTr6BUlVewVGL3wAO3V-CAXeVLU4x9s2IeS9FfXl2q2_uRDhN3z8PyAD92r8hiXguuIpKBbOTW3jFJXk5ImRTIzxrHkUQS7TE4Ho6LjyVvP8krVfHq0mg%3D%3D&xkcb=SoBt67M3qoQJRVS4wZ0LbzkdCdPP&fccid=eb209a7ceaf8cd57&vjs=3,"Full job description
The HEDIS Data Analyst is responsible for working collaboratively with Quality Management, IT, and other teams across the organization to gather and document HEDIS data requirements for reporting, perform integrated testing for data quality assurance, support our organizationŐs HEDIS Data initiatives, and develop reports to support decision making and business processes. The HEDIS Data Analyst uses a certified HEDIS engine, SQL, and Microsoft office tools to enable deep dives and data quality review to improve HEDIS Ratings.

This position will allow the successful candidate to work a schedule that will be primarily remote. While there is no expectation of being in the office routinely, they will be required to come into the Alliance Office for business and team meetings as needed.

Responsibilities & Duties

HEDIS Analysis

Perform activities, processes, and procedures to achieve improvement in HEDIS measures
Formulate and ensure compliance with HEDIS technical specifications, policies, operating procedures, and goals in compliance with internal and external guidelines
Provide comprehensive analysis of HEDIS measures, barriers, and opportunities and present results of improvement efforts and ongoing performance measures to senior management
Manage all clinical quality metrics and HEDIS processes and results
Implement process to request and evaluate member compliance reports for each HEDIS measure, including evaluating improvement opportunities
Ensure compliance of all quality audits and maintain all data and process controls
Develop Reports and Data Visualization Solutions

Perform data acquisition, analysis, evaluation, and analytics via advanced SQL queries and stored procedures, MicroStrategy, and other data management tools
Design solutions using BI concepts including dynamic and parameter driven reporting, dashboards, data visualization, and alerts
Using thorough knowledge of available data, design products that merge data from various sources including EDI files, HIE, State data, transactional system, and data warehouse
Provide support, as required, to ensure the accuracy of developed reports and metrics for both external and internal users
Ensure that reporting activities are conducted in ways that correspond with externally mandated specifications
Assist the QM Department with HEDIS data assurance/integrity efforts required as part of larger quality activities, and with the completion and validation of HEDIS reports
Perform geocoding activities through GIS software to analyze spatial statistics
Quality Assurance

Actively participate in Data Governance committee and Business Analyst teams
Documentation

Develop technical and business process documentation for HEDIS data and solutions
Minimum Requirements

Experience and Education

Required:

BachelorŐs degree from an accredited university in human services, statistics, mathematics, computer science, business administration or related field and three (3) years of experience in a Data or Business Analyst position with direct involvement in Healthcare HEDIS analytics and data.

Preferred:

Experience in business application consulting or development, including experience in planning, facilitating, eliciting, documenting and managing business, functional and technical requirements.

Managed care and quality improvement experience strongly preferred.

Experience with insurance or healthcare industries is preferred.

Knowledge, Skills, & Abilities

Communication skills
Knowledge of data analysis on databases/data sets
Excellent written communication skills, including technical writing and document design principles
Advanced experience with SQL
Microsoft Office, Visio, Microsoft Project and Microsoft Visual Studio skills
Ability to analyze large data sets and perform data profiling
Experience working with healthcare data
Experience using a certified HEDIS engine
Strong critical thinking and problem-solving skills
Ability to work independently and in a team setting
Ability to manage multiple priorities, and assess and adjust quickly to changing priorities
Salary Range

$68,227 - $90,401/Annual

Exact compensation will be determined based on the candidate's education, experience, external market data and consideration of internal equity.

An excellent fringe benefit package accompanies the salary, which includes:

Medical, Dental, Vision, Life, Long Term Disability
Generous retirement savings plan
Flexible work schedules including hybrid/remote options
Paid time off including vacation, sick leave, holiday, management leave
Dress flexibility
Education
Required
Bachelors or better in Human Services
Bachelors or better in Statistics
Bachelors or better in Mathematics
Bachelors or better in Computer Science
Bachelors or better in Business Administration
Equal Opportunity Employer
This employer is required to notify all applicants of their rights pursuant to federal employment laws. For further information, please review the Know Your Rights notice from the Department of Labor."
Healthcare Data Systems Analyst - Remote,https://www.indeed.com/rc/clk?jk=a2736d4e52eadab0&bb=2IeCU1ILT6rtPOLTy3HRUkO3a97eekY4pB-xfZcGQVFOJaEPJXhTjVQ6VVlVPRZuwwW_mFno2aZq9g3b4slKwSLP32k11QY38eXq4Onhz0MjnC_Vpjfp0oTMyr6cybpQ5Iq9Tew865p_OYEUyaHeJA%3D%3D&xkcb=SoDZ67M3qoQJRVS4wZ0KbzkdCdPP&fccid=f1abf6a3bf31584e&vjs=3,"Full job description
Welcome to Veradigm, where our Mission is transforming health, insightfully. Join the Veradigm team and help solve many of today's healthcare challenges being addressed by biopharma, health plans, healthcare providers, health technology partners, and the patients they serve. At Veradigm, our primary focus is on harnessing the power of research, analytics, and artificial intelligence (AI) to develop scalable data-driven solutions that bring significant value to all healthcare stakeholders. Together, we can transform healthcare and enable smarter care for millions of people.

Veradigm is an innovative Healthcare Analytics and Technology Company that delivers visibility and transparency for Risk Adjustment and Quality Management programs. We enable health plans and at-risk providers to achieve the greatest financial impact in the Health Insurance Exchange (HIX), Medicare Advantage, and Medicaid markets. By combining advanced analytic methodologies with extensive health plan experience, Veradigm has developed a suite of uniquely pragmatic solutions that are revolutionizing risk adjustment. Veradigm flexible business intelligence tools offer real-time visibility into member and provider activities so our clients can apply the most cost-effective and appropriate interventions for closing gaps in documentation, coding, and quality.

Job Summary

Join the Payer Team as a System Analyst, providing expert support to BPO clients in managing claims submissions. In this role, you'll serve as a critical liaison between client teams and internal systems, ensuring seamless communication and operational alignment. Success requires deep knowledge of ACA-related data workflows, Medicare and Medicaid programs, and healthcare technology platforms. You'll apply your technical expertise in requirements gathering, gap analysis, data mapping, and SQL to support accurate and compliant claims processing. A strong understanding of claims file structures and submission protocols is essential, along with the ability to quickly identify and resolve issues. This role demands ownership, adaptability, and clear, confident communication to guide clients through complex data challenges.

Key Responsibilities

Inbound Source File Oversight

Monitor and manage inbound files placed on FTP servers.
Upload client files into internal systems, ensuring timely receipt per established schedules.
Validate file volume against claim estimates and enrollment figures.
Track missing or failed files and support RCA for upload issues.
Escalation and Collaboration

Collaborate with internal SMEs and client teams to escalate UI discrepancies.
Attend client calls to provide updates, clarify issues, and support resolution efforts.
Contribute to process improvement through documentation updates and feedback loops.
Data Validation & Edits

Manage duplicate records and versioning logic.
Review and correct validation errors using system-generated reports.
Redirect unrepairable errors to clients for correction in source systems.
Partner with clients to interpret record-level guidance when needed.
Encounter & Supplemental File Submission

Identify records eligible for submission.
Generate and submit encounter and supplemental files to CMS.
Maintain audit trails for all submissions and resubmissions.
Resubmit failed files based on CMS response feedback.
Response & Report File Management

Load and process CMS response files.
Manage post-submission errors and apply mitigation tactics.
Flag and mark unrepairable records to support quality and statistical reporting.
Risk Analysis & Reporting

Analyze gaps in claims data and validate alignment with SOW scope.
Extract and interpret dashboard and report data for internal and client use.
Recommend best practices based on data trends and RCA findings.
Qualifications

Bachelor's degree in health information management, Data Analytics, or a related field.
2+ years' healthcare technology industry experience
2+ years' experience working with ACA and Medicare/Medicaid programs
Familiarity with CMS/ACA submission protocols and 837 file formats
Experience with ACA Edge Server environments, including validation
Strong analytical skills and attention to detail.
Experience with FTP, data validation tools, and ticketing systems (e.g., JIRA, ServiceNow).
Excellent communication and client-facing skills
Demonstrates initiative
Takes ownership of responsibilities
Ability to Follows up to ensure tasks are completed
Proactively seeks clarification to ensure full understanding
Confident in posing thoughtful, sometimes difficult questions to address gaps or surface critical issues.
Preferred Skills

Knowledge of PHI handling and HIPAA compliance.
Experience with Medicare Advantage or Medicaid encounter data.
Ability to interpret Statements of Work (SOWs) and translate into operational workflows.
Proficiency in Excel, SQL, or data visualization tools.
Enhancing Lives and Building Careers

Veradigm believes in empowering our associates with the tools and flexibility to bring the best version of themselves to work and to further their professional development. Together, we are In the Network. Interested in learning more?

Take a look at our Culture, Benefits, Early Talent Program, and Additional Openings.

We strongly advocate that our associates receive all CDC recommended vaccinations in prevention of COVID-19.

Visa Sponsorship is not offered for this position.

At Veradigm, our greatest strength comes from bringing together talented people with diverse perspectives to support the needs of healthcare providers, life science companies, health plans, and the patients they serve. The Veradigm Network is a dynamic, open community of solutions, external partners, and cutting-edge artificial intelligence technologies that provide advanced insights, technology, and data-driven solutions. Veradigm offers a comprehensive compensation and benefits package, including holidays, vacation, medical, dental, and vision insurance, company paid life insurance and retirement savings.

Veradigm's policy is to provide equal employment opportunity and affirmative action in all of its employment practices without regard to race, color, religion, sex, national origin, ancestry, marital status, protected veteran status, age, individuals with disabilities, sexual orientation or gender identity or expression or any other legally protected category. Applicants for North American based positions with Veradigm must be legally authorized to work in the United States or Canada. Verification of employment eligibility will be required as a condition of hire. Veradigm is proud to be an equal opportunity workplace dedicated to pursuing and hiring a diverse and inclusive workforce.

From a ""VEVRAA Federal Contractor"" We request Priority Referral of Protected Veterans

This is an official Veradigm Job posting. To avoid identity theft, please only consider applying to jobs posted on our official corporate site.

Thank you for reviewing this Veradigm opportunity. Does this look like a great match for your skill set? If so, scroll on down and tell us more about yourself!"
Early Career Python Programmer/Data Analyst,https://www.indeed.com/rc/clk?jk=245aa1def17e85df&bb=2IeCU1ILT6rtPOLTy3HRUjLiTDUcYJXaoATpOFU5804pybJ24i-9ZByqOpWt_on4Vs95hjopvMa8cBxz7SraMrpIRT7BW9JA-YJat-zS07plArMHXDhyGx0xe0iYIcWw1UY2HOx8XCun6ctHLbahhA%3D%3D&xkcb=SoDw67M3qoQJRVS4wZ0IbzkdCdPP&fccid=66c0d03b0a0ef2a6&vjs=3,"Full job description
Why RTI

RTI International is an independent, scientific research institute dedicated to improving the human condition. Our vision is to address the world's most critical problems with technical and science-based solutions in pursuit of a better future. Clients rely on us to answer questions that demand an objective and multidisciplinary approachŃone that integrates expertise across social, statistical, data, and laboratory sciences, engineering, and other technical disciplines to solve the worldŐs most challenging problems.

We believe in the promise of science and technical solutions, and we push ourselves every day to deliver on that promise for the good of people, communities, and businesses in the US and around the world. If you are looking for the opportunity to make a real difference, RTI is the place for you.


About the Hiring Group

RTIŐs Center for Data Interoperability is seeking dynamic and detail-orientated candidates for a full-time Programmer/Analyst with Python or SQL analytic programming experience. The Programmer/Analyst will work with researcher teams to analyze and synthesize complex qualitative and quantitative administrative health data from multiple sources into meaningful results. Individuals in this role will provide analytic development and statistical programming knowledge to project teams conducting research using healthcare data, especially large and complex health insurance claims and survey data, in a fast-paced environment.


This position is based in Research Triangle Park, NC or any other U.S. location as a telecommuter.


What You'll Do

Core responsibilities:

Approximately 85% of working time will require:
Developing coding expertise and best practices to query, merge, and analyze complex healthcare data from large relational databases
Leveraging a variety of quantitative methods to standardize, blend, and distill data from multiple disparate sources, transforming them into analytic insights for use in client reports, journal manuscripts, abstracts, or posters for professional meetings
Iteratively developing and maintaining Python code while adopting best practices for increasing efficiency, minimizing computational errors, implementing process improvements, and other approaches that add value to business processes and analytic results
Participating in thorough code review and documentation, as well as parallel coding efforts for other programmers to maintain quality standards and ensure that code may be efficiently transferred among team members as needed
Constructing analytic datasets and databases to support deliverables for various public health and healthcare financing engagements
Collaborating with project team members to review, critically evaluate, and refine business requirements, and then translate those requirements into programming logic
Adopting and refining technical skills on projects, including working independently, proactively resolving day-to-day issues of small complexity, and leveraging coding best practices and standards
Approximately 15% of working time will require:
Participating in continuing education courses on healthcare-related and/or technical coding topics (including learning new coding languages) as applicable to the role and evolving business needs
Sharing insights gained from the above activities with fellow programmers, leaders, and other division staff through activities such as presentations at staff meetings, contributions to collective codebase utilities, and training early career staff

What You'll Need

Minimum Qualifications:
BS/BA or advanced degree in data science, computer science, statistics, social sciences, health policy or related field with at least 3 years of programming experience OR the equivalent combination of education and experience. An equivalent combination of education and experience is defined as a MasterŐs degree in the same areas mentioned above and at least 1 year of relevant experience
Minimum of 3 years of experience with Python or SQL analytical coding with demonstrated familiarity with the linkage of various types of data files
Programming experience using data stored in relational databases such as Teradata, Snowflake, DB2, Oracle, and SQL Server
Experience designing and implementing flexible, reusable, scalable, programming code
Commitment to analytic programming quality and best practices, including experience with QA/QC procedures (e.g., peer review of code, parallel programming)
Familiarity with all phases of the Analytic Development Life Cycle and demonstrated experience in working with at least 1 of these phases
Organizational and planning skills that enable independent work while contributing to a team effort
Analytic thinker with exceptional attention to quality and detail
Good interpersonal skills, including written and oral English-language skills, the ability to effectively manage competing deadlines, and the ability to work independently on a day-to-day basis while regularly collaborating with project teams
Applicants must be legally authorized to work in the United States, have lived in the United States for at least 3 of the last 5 years, and should not require now, or in the future, sponsorship for employment visa status
Preferred Qualifications:
At least 1 year of experience using SAS for analytic programming
Demonstrated understanding of relational database management concepts
Healthcare industry experience, analytic experience in work with the Centers for Medicare & Medicaid Services (CMS) and/or knowledge of healthcare terminology and taxonomy/classification systems (e.g., ICD-10, CPT, HCPCS)
Programming experience within CMS data systems such as the Integrated Data Repository (IDRC), Chronic Conditions Warehouse (CCW), or Centralized Data Repository (CDR)
Understanding and use of issue tracking and code versioning tools such as Jira or Git
Ability to thoroughly review and adjust code, ultimately providing quality programming output while developing the ability to identify overall enhancements to programming or project team processes
#LI-KV1


EEO & Pay Equity Statements

For San Francisco, CA USA Job Postings Only: Pursuant to the San Francisco Fair Chance Ordinance, we will consider for employment qualified applicants with arrest and conviction records. Further information is available here.

RTI accepts applications to our job openings from candidates with criminal histories or conviction records in accordance with all applicable laws, including the Los Angeles County Fair Chance Ordinance for Employers and the California Fair Chance Act.

For Applicants in Massachusetts Only: It is unlawful in Massachusetts to require or administer a lie detector test as a condition of employment or continued employment. An employer who violates this law shall be subject to criminal penalties and civil liability.

The anticipated pay range for this role is listed below. Our pay ranges represent national averages and may vary by location as a geographic differential may be applied to some locations within the United States. RTI considers multiple factors when making an offer including, for example: established salary range, internal budget, business needs, and education and years of work experience possessed by the applicant. Further, salary is merely one element to our offer.

At RTI, we demonstrate our commitment to rewarding individual and team achievement through a total rewards package. This package includes (among other things) a competitive base salary, a generous paid time off policy, merit based annual increases, bonus opportunities and a robust recognition program. Other benefits include a competitive range of insurance plans (including health, dental, life, and short-term and long-term disability), access to a retirement savings program such as a 401(k) plan, paid parental leave for all parents, financial assistance with adoption expenses or infertility treatments, financial reimbursement for education and developmental opportunities, an employee assistance program, and numerous other offerings to support a healthy work-life balance.


Equal Pay Act Minimum/Range

$79,000 - $96,000

As a global employer of choice, RTI is committed to belonging in the workplace and the communities and markets where we serve our mission. We value a variety of thoughts, cultures, backgrounds and perspectives and welcome applicants without regard to race, color, religion, sex, age, marital status, sexual orientation, gender identity, national origin, creed, citizenship status, disability, protected veteran status, or any other classification protected by applicable discrimination laws or RTI policy. We are proud to be an equal opportunity employer. All qualified applicants will receive consideration for employment without regard to race, color, religion, sex, sexual orientation, gender identity, national origin, disability status, protected veteran status, or any other characteristic protected by law.

Click here to view the EEOC Know Your Rights Poster."
Healthcare Analytics Business Consultant (SQL / Python),https://www.indeed.com/rc/clk?jk=d24e955468086768&bb=2IeCU1ILT6rtPOLTy3HRUjXlVvk_AdP_1H6M2df9QQ-9TVFv7ZJDMFlJHAtkxxnbzo1G3mcsc6mdluXPSUULyg5_6wlPg33zzrz1dISRe-Wqiygedq6OCoIDzhySP0w2X8Wtjvc69mlSE-qeSw2soQ%3D%3D&xkcb=SoB-67M3qoQJRVS4wZ0PbzkdCdPP&fccid=be3b11aa573faee7&vjs=3,"Full job description
At CVS Health, weŐre building a world of health around every consumer and surrounding ourselves with dedicated colleagues who are passionate about transforming health care.

As the nationŐs leading health solutions company, we reach millions of Americans through our local presence, digital channels and more than 300,000 purpose-driven colleagues Đ caring for people where, when and how they choose in a way that is uniquely more connected, more convenient and more compassionate. And we do it all with heart, each and every day.

**This is an individual contributor**

**This position can sit anywhere in the United States, but must work East Coast hours**

Position Summary

We are seeking a highly analytical and detail-oriented Data Analyst to join our Special Investigation Unit within a leading health insurance organization. This is a full time role and is ideal for a data professional with strong coding skills in SQL and Python who can transform complex healthcare data into actionable insights to support fraud, waste, and abuse (FWA) detection and Medicaid regulatory & compliance reporting. This is an individual contributor role.


Job responsibilities include:

Write robust, efficient code in SQL and Python to extract, manipulate, and analyze large healthcare datasets.

Design, develop, and maintain complex data analyses to support investigations of potential fraud, waste, and abuse in Medicaid claims and provider activity.

Prepare timely and accurate Medicaid regulatory & compliance reports in accordance with prescribed guidelines and standards.

Communicate messages based on data analyses, including preparing easy-to-understand visualizations and other related documents for diverse audiences

Collaborate with SIU investigators, Program Integrity Manager, and Compliance to understand business processes and translate them into actionable data requirements.

Develop and participate in presentation and consultation with business partners on data, capabilities and performance results

Identify data quality issues, perform root cause analysis, and recommend improvements to enhance reporting accuracy and data integrity.

Stay informed about changes in Medicaid policy, regulatory requirements, and FWA detection techniques to ensure ongoing compliance.

Required Qualifications

A minimum of 3 years of data interpretation and analysis experience, preferable in the health insurance or Medicaid program.

Ability to distill complex data into meaningful insights and present findings to non-technical audiences.

2+ years experience interpreting medical claim data

Advanced experience in SQL & Python coding sourcing from a data warehouse

3+ years of project leadership experience

Strong business as well as systems knowledge

Excellent problem-solving, critical thinking, and written communication skills

Advanced experience in Excel


Preferred Qualifications

Experience in healthcare fraud, waste and abuse

Knowledge of Medicaid healthcare claims adjudication (QNXT) & regulatory reporting

Experience with data visualization tools (e.g., Tableau, Power BI

Familiarity with Big Query & Jupyter Notebook


Education

BachelorŐs degree preferred or a combination of work experience and education.

Anticipated Weekly Hours

40
Time Type

Full time
Pay Range

The typical pay range for this role is:

$54,300.00 - $145,860.00
This pay range represents the base hourly rate or base annual full-time salary for all positions in the job grade within which this position falls. The actual base salary offer will depend on a variety of factors including experience, education, geography and other relevant factors. This position is eligible for a CVS Health bonus, commission or short-term incentive program in addition to the base pay range listed above.


Our people fuel our future. Our teams reflect the customers, patients, members and communities we serve and we are committed to fostering a workplace where every colleague feels valued and that they belong.

Great benefits for great people

We take pride in our comprehensive and competitive mix of pay and benefits Đ investing in the physical, emotional and financial wellness of our colleagues and their families to help them be the healthiest they can be. In addition to our competitive wages, our great benefits include:

Affordable medical plan options, a 401(k) plan (including matching company contributions), and an employee stock purchase plan.

No-cost programs for all colleagues including wellness screenings, tobacco cessation and weight management programs, confidential counseling and financial coaching.

Benefit solutions that address the different needs and preferences of our colleagues including paid time off, flexible work schedules, family leave, dependent care resources, colleague assistance programs, tuition assistance, retiree medical access and many other benefits depending on eligibility.

For more information, visit https://jobs.cvshealth.com/us/en/benefits

We anticipate the application window for this opening will close on: 12/13/2025
Qualified applicants with arrest or conviction records will be considered for employment in accordance with all federal, state and local laws.
"
Business Integration Analyst (Healthcare),https://www.indeed.com/rc/clk?jk=2a556eda3d51d13e&bb=2IeCU1ILT6rtPOLTy3HRUuj0OPQEKnILZu-XiqHqa2Pj_-2t30dXQz4uyGjVR9E3CGQeElLL0_HyOx0Dphe9veGoVAllnq96KX-Ik3U7KyUKUL_1j4zYwBm4u5LtPIzM9-CN74NI_cZTh0YcxMznFg%3D%3D&xkcb=SoDK67M3qoQJRVS4wZ0ObzkdCdPP&fccid=c7a0da90de32370d&cmp=Changing-Technologies%2C-Inc.&ti=Business+Analyst&vjs=3,"Full job description
About the Role:

We are seeking a Business Integration Specialist for a junior-level, hybrid contract role with a state government agency. While this position works on a technology-related project, it is primarily a strategic role requiring clear communication, creative problem-solving, and the ability to cultivate relationships.

The successful candidate will assist with a key project designed to leverage the state's Health Information Exchange (NC HealthConnex) to improve quality and population health outcomes. You will work with data, coordinate with internal teams, and help inform decision-making.

Please note: This is a hybrid position.

Essential Responsibilities:

Assist with the implementation of a project to leverage NC HealthConnex for quality and population health initiatives.
Coordinate with internal business units, including business information and clinical services, to execute operational tasks and ensure smooth project implementation.
Query, profile, and analyze data provided by NC HealthConnex.
Assist with improving data quality and usability.
Collect and synthesize information and feedback from internal and external stakeholders (including Health Plans and providers) to inform decision-making.
Required Qualifications:

An understanding of data policy, the healthcare data ecosystem, health information technology, and quality improvement.
Excellent critical thinking, problem-solving, and project management skills.
Demonstrated ability to communicate complex material clearly and concisely, both verbally and in writing.
Flexibility to adapt to shifting priorities and the needs of multiple stakeholders.
Strong technical skills in SQL and/or SAS with the ability to query large, complicated datasets.
Preferred Qualifications:

Familiarity with Medicaid, healthcare rules, regulations, and standards.
Knowledge of population health delivery models, care management models, and quality improvement initiatives.
Understanding of clinical workflows, medical coding, or electronic health records.
Understanding of digital quality measurement.
Job Types: Full-time, Contract

Pay: $52.00 per hour

Expected hours: 40 per week

Benefits:

Health insurance
Experience:

Healthcare data policy & quality improvement: 3 years (Required)
Communicating complex data to stakeholders: 3 years (Required)
SQL or SAS for querying complex data sets: 3 years (Required)
Medicaid rules, regulations, and standards: 2 years (Required)
Analyzing population health delivery models: 2 years (Required)
Clinical workflows, medical coding, or EHRs: 2 years (Required)
Digital quality measurement in healthcare: 2 years (Required)
License/Certification:

U.S. Citizenship or a Green Card (Required)
Work Location: In person"
Business Data Analyst,https://www.indeed.com/rc/clk?jk=8970196bc94e8dec&bb=2IeCU1ILT6rtPOLTy3HRUo2jsgpqW8WjXZ2hqPKxm1c280f5hY6gXADsutKjeHgmZUo7Zt5q2Jn7luAoDGk_27RnaSVPIa9yFnkrPiZ7VHY5gXJxwXFKmuheS204UmFj59GbXcShOK3AjwuMH2T4lg%3D%3D&xkcb=SoBX67M3qoQJRVS4wZ0NbzkdCdPP&fccid=89ceeb63546a6179&vjs=3,"Full job description
Transform complex data into powerful, predictive insights that redefine analytics and break through conventional limitations. The role will be integral in allowing the Analytics Team to continue growing within the company as a driver of business strategy that delivers financial, operational, and analytical success. This is a hybrid role based in Fuquay-Varina, North Carolina. Team members are required to work on-site for 16 hours per week, which must include every Wednesday, plus one additional weekday of your choice.

Expectations

Decrease time from information to action through predictive and statistical models and insights.
Automate reports through BI platforms that allow for continuous review for end users.
View data through a technical and analytical lens, generating deeper understanding & purpose.
Support data needs for all levels of organization with a focus on strategic business initiatives.
Assist in improving data literacy and trust throughout the organization through quarterly education sessions.
Act as a forward-thinking surveyor, identifying gaps and opportunities that lie below surface level analysis.
Duties & Responsibilities

Drive business growth through proactive reporting and actionable insights across organization.
Identify trends and opportunities with predictive analytics and statistical models that align with strategic goals.
Build trust through literacy initiatives and clear communication, empowering teams to act with confidence and unlock new possibilities with our data.
Create automated, standardized reports and visuals from team member requests, turning complex, technical details into easily consumed insights.
Design models to capture predictive signals that aid in solving business problems, marrying expertise from team members with predictive intelligence.
Deliver advanced analytics and assist with AI adoption, working closely with and enhancing Data Scientist deliverables.
Solve complex problems by formulating, developing, and interpreting statistical models and analysis, and communicating results in an effective manner to various stakeholders.
Keeping up with new, innovative academic and business developments in the field of data analytics.
Derive actionable insights from structured and unstructured data via various potential BI tools, such as Power BI, SQL, and other platforms as needed.
Assist in development, implementation, and expansion of Data Governance program as needed.
Provide coordination, leadership, and champion adoption of potential AI implementation.
Thoroughly analyze, test, and validate data to ensure models run efficiently and are free from data errors and inconsistencies.
Education / Experience Required

BachelorŐs degree in computer science, business, statistics, mathematics or related technical and/or quantitative field from an accredited college/university.
At least four (4) yearsŐ experience of hands-on modeling related to predictive and/or statistical analysis.
Strong knowledge and/or experience related to business, analytics or related function required.
Strong experience in statistical modeling, predictive analytics, business intelligence, provisioning data through a variety of analytical tools, resources and BI platforms required.
Computer proficiencies to include Word, Outlook, and PowerPoint with a solid working knowledge in Excel.
History of leading and/or being involved in successful projects
Experience related to NetSuite is preferred but not required.
Education may be considered in place of experience as applicable.
Essential Physical Requirements

Work is performed in an office environment and requires prolonged periods of sitting at a desk and working on a computer. The physical demands described here are representative of those that must be met by an employee to successfully perform the essential functions of this job. Reasonable accommodations may be made to enable individuals with disabilities to perform the essential functions.

Supplemental Information

This description is based on managementŐs assessment of the requirements and functions of the job as of the date this description was prepared. It is a general guideline for managers and employees, but it does not purport to be a complete list of all the elements of the job. Management reserves the right to modify the description at any time or vary the duties and responsibilities of the job on a temporary or indefinite basis to meet production, scheduling, staffing, or customer needs.

Employment Overview

Bob Barker Company is an Equal Opportunity Employer committed to creating a welcoming environment for all team members. Bob Barker Company maintains Affirmative Action Plans for individuals with disabilities and protected veterans.

Bob Barker Company follows the federal Fair Chance Act and will consider qualified applicants with arrest and conviction records in a manner consistent with applicable federal, state, and local law.

Bob Barker Company is a Drug-free workplace. Upon receipt of an offer of employment, a pre-employment drug screen is required.

Bob Barker Company participates in E-Verify and will provide the federal government with your Form I-9 information to confirm that you are authorized to work in the U.S.

Equal Opportunity Employer/Protected Veterans/Individuals with Disabilities
This employer is required to notify all applicants of their rights pursuant to federal employment laws. For further information, please review the Know Your Rights notice from the Department of Labor."
BI Data Analyst III,https://www.indeed.com/rc/clk?jk=dcfb457bdcd30f07&bb=2IeCU1ILT6rtPOLTy3HRUieeQ8k97ZYH4aUO48JB0BFl_zbNLY0AwX97RLWQttDt-P_CYWAo3rWW5WuoEToU2ZF5wskI62u8IXD6KP41LiQCzHZtSWYgI3DMzgTj6ZCGuc-Iiqpx0u2BffC39UVu1g%3D%3D&xkcb=SoDj67M3qoQJRVS4wZ0MbzkdCdPP&fccid=04e8134694cdee5a&vjs=3,"Full job description
Who is Credible?

We are a marketplace where users can compare personalized, prequalified rates and quotes from multiple lenders and carriers, for student loans, mortgages, personal loans, and insurance.

We're challenging the status quo by giving power to the consumer. We believe in a world where 'ethical', 'lending', and 'insurance' can coexist, so we set out to build innovative platforms that actually work for customers. Our mission is to help people find the best loan or insurance policy possible.

We believe researching and buying loans or insurance shouldn't be confusing or complex, so we've focused on simplicity. We've created the only unbiased loan and insurance buying process out there, which makes finding options straightforward and clear.

About the Role:

Credible is looking for a data-driven, results-oriented Data Analyst to join the Business Intelligence and Analytics team. This role will be integral in providing insights that inform company decisions across several business functions including user acquisition, brand marketing, product development, finance, and operations. This is a great opportunity for you to join a growth stage company and contribute to the success of our products and the continual improvement of our user and customer experiences.

Responsibilities:

Partner with teams across the organization (user retention, lifecycle email, product development etc.) to understand their analytics needs and produce dashboards and analytics solutions that allow them to execute more effectively
Work with business leaders to define key metrics and build reporting to monitor performance along those metrics
Conduct in-depth investigative data analyses that lead to actionable insights, owning the entire process from ideation to execution to presentation of findings to stakeholders
Present insights and recommendations in a clear, compelling manner that drives business action
Help structure A/B tests, establish goals and define instrumentation and logging requirements for tests and features
Develop data models in our data warehouse that enable performant, intuitive analyses
Collaborate effectively with Web, QA, and Data Engineers to productionalize data
Proactively identify data gaps and inconsistencies, working cross-functionally to enhance data quality and analytical depth.
Become an expert on all aspects of Credible's data and analytics infrastructure

Education and Experience:

BA/BS in a quantitative field
5+ years of work experience as a data analyst, data engineer, or in a highly analytical role
Experience writing SQL queries and optimizing data models
Experience leveraging visualization/reporting tools (Looker, Tableau, etc.)
Experience using Excel for analysis
Experience with A/B and multivariate testing, which includes providing input into structuring experiments appropriately
Strong grasp of statistics and experience conducting rigorous data analyses
Experience using the command line and git repositories
Experience with a scripting language (preferably Python) for data processing and analysis a plus
Experience developing models and visualizations in Looker a plus
Experience at an e-commerce or fintech company a plus
Experience developing lifetime value and retention analyses a plus
Must have:

An investigative spirit and a drive for clear proactive communication with stakeholders and partners.
The capacity to juggle multiple priorities effectively within a fast-paced environment is critical
You're a highly motivated self-starter with the ability to work efficiently with minimal supervision
Anticipate business needs and think with a business owner mindset Đ think critically about analyses, don't just complete them
Passion for spreading the value of data throughout the company and communicating insights to a broad audience with varying levels of technical expertise
Experience with business to consumer (B2C)

Credible is open to hiring candidates in the following locations: California, Florida, Georgia, Illinois, Kansas, Kentucky, Maine, Massachusetts, Michigan, Missouri, New Jersey, New Mexico, New York, North Carolina, Ohio, Oregon, South Carolina, Tennessee, Texas, Utah, Virginia, Washington

Why work at Credible?
We combine the intelligence, expertise, and confidence of a financial advisor with the approachability and honesty of a friend. In other words, we're the friend you always wish you had in finance.

We are optimistic, challengers, trustworthy, clever, and smart. We are open and transparent. We strive to act as advisors by being friendly, objective, and open in our communication. We use language that is intelligent yet approachable. When appropriate, we'll drop in a bit of wit to position ourselves as a fresh, reliable voice in the financial world.

We are an equal opportunity employer and all qualified applicants will receive consideration for employment without regard to race, color, religion, sex, national origin, gender identity, disability, protected veteran status, or any other characteristic protected by law. We will consider for employment qualified applicants with criminal histories consistent with applicable law."
"Product- Data Analyst (Manufacturing, Remote)",https://www.indeed.com/rc/clk?jk=428bf86fa7e5c55c&bb=2IeCU1ILT6rtPOLTy3HRUvZy4O6b2PIK1JhO_vcLBjwzjY6b3pKynXwjsWOMltAz4oiiQZUrmrQVT9pMsB2Q92ZL1vK8FbJmmlQs5vyZiNc3M-JlWko0lyR52zx7i7HLrMmpWt8sgX50hzYBsXYJlg%3D%3D&xkcb=SoAK67M3qoQJRVS4wZ0DbzkdCdPP&fccid=661482a3e1184c30&vjs=3,"Full job description
Company Description

Cornerstone Building Brands is hiring a full-time, permanent Product- Data Analyst. The candidate must be located within the US and can work remotely.

Cornerstone Building Brands, headquartered in Cary, North Carolina, is the largest manufacturer of external building products in North America with over $6 billion in annual revenue and an expansive national footprint that includes almost 20,000 employees, operating in +70 manufacturing facilities, supported by a network of +80 distribution and branch office facilities. We have a broad product offering with a well-regarded brand portfolio including the #1 position in windows; vinyl siding; metal accessories; metal roofing and wall systems; and insulated metal panels.


Job Description

Work as the liaison between Engineering, technology and procurement teams on development and optimization of product data across multiple systems / processes with focus on data quality, integrity and governance
Lead the efforts for creation of direct items (parts) during the Genesis analysis and implementation
Manage the creation of corporate part numbers in appropriate systems and support enrichment for JDE, Cantor and other relevant systems set up.
Support migration of data - item master data - from legacy systems to new systems.
Implement data governance processes for item master data maintenance.
Support team in item master related needs and requirements.
Collaborate with team members and management on business needs
Gather information across the organization, analyze it, and prepare data for reporting
Identify trends, patterns, and potential item data discrepancies
Maintain item data integrity, quality control and governance of items in appropriate systems and tools
Innovate and improve upon current processes, data quality standards, and reporting
Create and maintain documentation for item creation and maintenance
Perform reconciliation between legacy and newer systems and troubleshoot data inconsistencies and anomalies
Identify opportunities to leverage technology to improve ability to compile, analyze, and report item creation and data (e.g. smartsheet, access, excel, JDE, Cantor, AQ, etc.)
Support the business with ad-hoc analysis and reporting

Qualifications

BS / BA in Engineering / Accounting / Finance related field required or have experience in the window industry in Customer Service/Field Service/or Manufacturing.
Strong modelling techniques and analytical skills with demonstrated ability to find solutions without specific step-by-step instructions
Ability to manage multiple tasks and projects while delivering results in a timely manner
Entrepreneurial team player, willing and able to work long hours, contribute in multiple ways within the company
Effectively communicates and engages with all levels of the organization verbally and in writing, with the ability to build effective partnerships across teams
Experience manipulating complex and large data sources and ability to adapt to new systems and applications quickly
Experience with ERP software (JDE, Oracle, or OneStream) and/or DB tools (Access / SQL) and Microsoft Office suite (Excel, PowerPoint, Word).

Desirable: Excel macro skillset and SQL"
Junior Project Analyst,https://www.indeed.com/rc/clk?jk=cf6ca81c76f95fd1&bb=2IeCU1ILT6rtPOLTy3HRUgX9CBQvlOlWoS28MUJCYWvMC3u00RRIzObhYvBg_yBbfeyUl7Uu8bZ01OsFhaeulS8NEIcWOfohKfrvgFhKNPEFoXwnhLzD8DDeXVLfmcO2LXZp4sZyw-qDDKzQlcYdgw%3D%3D&xkcb=SoCX67M3qoQJRVS4wZ0AbzkdCdPP&fccid=7e74549be414ce57&vjs=3,"Full job description
McAdams is a full-service land planning, landscape architecture, civil engineering, transportation, and geomatics firm located in North Carolina, South Carolina, Texas, and Florida. We seek to partner with our clients to create meaningful experiences through inspired design. Our employees are what make McAdams different. We bring experiences to the forefront of everything we do, and to do that takes special people.

Position Overview
The Junior Project Analyst will work closely with the Project Accounting team to ensure accurate project setup and maintenance within the Deltek Vantagepoint system. The ideal candidate will bring strong attention to detail and a high level of accuracy, an understanding of project management principles, and the ability to communicate effectively across all levels of the organization.

Key Responsibilities

Support accurate project setup and ongoing maintenance in Vantagepoint, ensuring data integrity throughout the project lifecycle.
Collaborate with the Project Accounting team and Project Managers to establish billing terms and compensation structures to complete project setup.
Follow up on missing or incomplete project information to ensure accurate records.
Maintain the Vantagepoint database, including the setup and management of firms, clients, and key contacts.
Ensure proper documentation and compliance by managing contract records and attaching relevant documents in Vantagepoint.
Analyze project data to identify discrepancies, improve accuracy, and support process efficiency.
Participate in ongoing process improvements and recommend ways to streamline project accounting workflows.
Ensure compliance with internal standards for project management, accounting, and data handling.
Notarize lien waivers and pay applications as needed.
As workload and career development allow, the Junior Project Analyst will have the opportunity to assist with billing activities in support of the Project Analyst team, gaining exposure to financial processes and contributing to project success
Skills + Experience

Bachelor's degree in business administration, accounting, or a related field
Experience with Deltek Vantagepoint or Vision strongly preferred
Experience in the AEC industry preferred
Notary Public or ability to obtain first 90 days
Proficient in Microsoft Office Suite
Strong attention to detail and a high level of accuracy
Excellent written and verbal communication skills.
Well-organized with the ability to manage multiple priorities and meet deadlines
Collaborative team player with strong interpersonal skills
Flexible and adaptable to shifting project needs and priorities
Work Environment + Physical Demands

The characteristics described below are representative of those encountered while performing the essential functions of this position. When properly requested and when feasible (without undue hardship to the company), reasonable accommodations will be made to enable individuals with disabilities to perform essential job
functions.

Work will primarily be in an office setting with limited opportunities to be exposed to adverse environmental conditions.
Work will be primarily working with fingers by picking, pinching, typing, and grasping often with repetitive motion.
Must have visual acuity for viewing a computer screen, the ability to talk, hear and sit for extended periods of time.
Must be able to carry, lift and push/pull up to 5 pounds frequently and up to 30 pounds occasionally.
Additional physical duties may be required as necessary.
McAdams is an equal opportunity employer. All qualified candidates will receive consideration for employment without regard for race, color, religion, gender (including pregnancy, sexual orientation, or gender identity), national origin, age, disability, genetic information, veteran's status, or any other legally protected status.

If you need assistance with our online application system process, please contact the Human Resources Team at 919.361.5000 or hrteam@mcadamsco.com.

Please read these notices for important information regarding applying for work with McAdams.

Know Your Rights: Workplace Discrimination is Illegal
E-Verify (English/Spanish)
Right to Work (English/Spanish)"
Lead Business Functional Analyst,https://www.indeed.com/rc/clk?jk=b0acb8fc29661bb6&bb=2IeCU1ILT6rtPOLTy3HRUv8hzdVsEW46mMV_yv-0Xb7DKbI6l2hIgJg_9k4bZ9vZA0YRSeRd4dM3sTP3lPucV3bu7asdtnJHxIh8fSmEJOHi8LbQxISayyEjriCTaaE6oXJXAsqZJNAvz7cwIF58vg%3D%3D&xkcb=SoAZ67M3qoQJRVS4wZ0HbzkdCdPP&fccid=f1d8e147024abb3f&vjs=3,"Position Overview
Job Title: Post Trade Automation Technology Đ Lead Business Functional Analyst

Corporate Title: Vice President

Location: Cary, NC

Who we are:

In short Đ an essential part of Deutsche BankŐs technology solution, developing applications for key business areas.

Our Technologists drive Cloud, Cyber and business technology strategy while transforming it within a robust, hands-on engineering culture. Learning is a key element of our people strategy, and we have a variety of options for you to develop professionally. Our approach to the future of work champions flexibility and is rooted in the understanding that there have been dramatic shifts in the ways we work.

Having first established a presence in the Americas in the 19th century, Deutsche Bank opened its US technology center in Cary, North Carolina in 2009. Learn more about us here .

Overview

Post Trade Automation Technology within the Investment Banking Division of Deutsche Bank is responsible for building and managing the Trade Documentation, Clearing & Settlement lifecycle and Asset Services functions across Cash and Securities products including Interest Rates and Credit Derivatives, Foreign Exchange, Repo, Bonds and Cash Equities.

What We Offer You

A diverse and inclusive environment that embraces change, innovation, and collaboration
A hybrid working model with up to 40% work from home, allowing for in-office / work from home flexibility, generous vacation, personal and volunteer days
A commitment to Corporate Social Responsibility
Employee Resource Groups support an inclusive workplace for everyone and promote community engagement
Access to a strong network of Communities of Practice connecting you to colleagues with shared interests and values
Competitive compensation packages including health and wellbeing benefits, retirement savings plans, parental leave, and family building benefits
Educational resources, matching gifts and volunteer programs
What YouŐll Do

Act as the primary contact for the business users and technology team for all aspects of project delivery
Formulate and create Business Requirement documentation, closely working with Business User and Tech Leads/Solution architects.
Develop business requirement definition, documentation (such as solution briefs, traceability matrix, test strategy document, test cases) and sign-off
Support newly identified conceptual designs and newly identified business solution options
Resolve functional issues from all testing phases of software development lifecycle
Lead QA team and manage end to end functional delivery
Articulate issues and risk to management in a timely manner
How YouŐll Lead

Product Owner of Everest Plus, our Settlements platform for Repo and Bonds, in Americas region
Responsible for liaising with Americas region users for defining business requirements and delivery of these functionality
Will interact with the broader team in other development and business centers (Pune, London)
Will work closely with our business sponsors in the Global Securities Settlements Operations space
Skills YouŐll Need

Expertise on Securitized products including Repo, Bonds, Cash Equity and SBL.
You should be enthusiastic, confident, and a good team player who is able to work unsupervised and capable of making informed decisions to meet project deadlines.
Strong communication, facilitation, negotiating & stakeholder management skills
Strong analytical capability, to understand Business needs and develop convincing solutions
Ability to define high quality functional solution designs & use cases
Ability to design and execute functional test cases, leveraging test automation frameworks
Skills That Will Help You Excel

Working as a part of Agile software delivery team
Ability to adapt to new technologies(tools), product lifecycles and working environments
Ability to quickly troubleshoot and establish functional issues in production, solution testing, etc.
Familiarity like TDD, BDD framework, Test Automation tools.
Experience

Minimum of 10+ years of relevant experience as Business Analyst in Technology team
Experienced Business Analyst Lead with sound knowledge on Post Trade functions including Settlements, Accounting & Confirmation
Expectations

It is the BankŐs expectation that employees hired in this role will work in the Cary office in accordance with the BankŐs hybrid working model.

Deutsche Bank provides reasonable accommodation for candidates and employees with a substantiated need based on disability and/or religion.

The salary range for this position in Cary is $125000 to $185000 . Actual salaries may be based on a number of factors including, but not limited to, a candidateŐs skill set, experience, education, work location and other qualifications. Posted salary ranges do not include incentive compensation or any other type of remuneration.

Deutsche Bank Values & Diversity

We believe talent is found in all cultures, countries, races, ethnicities, genders, sexual orientations, disabilities, beliefs, generations, backgrounds, and experiences. We pursue a working environment where everyone can be authentic and feel a sense of belonging. Click here to find out more about our diversity and inclusion efforts.

We are an Equal Opportunity Employer - Veterans/Disabled and other protected categories.

Click these links to view the following notices: EEO is the Law poster and supplement ; Employee Rights and Responsibilities under the Family and Medical Leave Act ; Employee Polygraph Protection Act and Pay Transparency Nondiscrimination Provision

Learn more about your life at DB through the eyes of our current employees: https://careers.db.com/life

The California Consumer Privacy Act outlines how companies can use personal information. If you are interested in receiving a copy of Deutsche BankŐs California Privacy Notice, please email HR.Direct@DB.com .

Deutsche Bank Benefits

At Deutsche Bank, we recognize that our benefit programs have a profound impact on our colleagues. ThatŐs why we are focused on providing benefits and perks that enable our colleagues to live authentically and be their whole selves, at every stage of life. We provide access to physical, emotional, and financial wellness benefits that allow our colleagues to stay financially secure and strike balance between work and home. Click here to learn more!

#LI-HYBRID

We strive for a culture in which we are empowered to excel together every day. This includes acting responsibly, thinking commercially, taking initiative and working collaboratively.
Together we share and celebrate the successes of our people. Together we are Deutsche Bank Group.
We welcome applications from all people and promote a positive, fair and inclusive work environment.



Qualified applicants will receive consideration for employment without regard to race, color, religion, sex, sexual orientation, gender identity, national origin, disability, protected veteran status or other characteristics protected by law. Click these links to view ""Deutsche BankŐs Equal Opportunity Policy Statement"" and the following notices: ""EEOC Know Your Rights"" ; ""Employee Rights and Responsibilities under the Family and Medical Leave Act"" ; and ""Employee Polygraph Protection Act"" .
"
IT Business Analyst II,https://www.indeed.com/rc/clk?jk=3cef48c54387b2c3&bb=2IeCU1ILT6rtPOLTy3HRUoTVcTsFVFlKyetPUSHdfYCS86R7ZTsPrVHkKCVBoiR1XzjIMeqKc_jfsQgw-gXS_0b2DrgsKO2SCimvd1HGpR3F98DF-GgiV3tiNYXYsS4PvdntLPUoxiH3SnqyIBXzWQ%3D%3D&xkcb=SoCt67M3qoQJRVS4wZ0GbzkdCdPP&fccid=035229327af06091&vjs=3,"Full job description
The position is described below. If you want to apply, click the Apply Now button at the top or bottom of this page. After you click Apply Now and complete your application, you'll be invited to create a profile, which will let you see your application status and any communications. If you already have a profile with us, you can log in to check status.

Need Help?

If you have a disability and need assistance with the application, you can request a reasonable accommodation. Send an email to Accessibility (accommodation requests only; other inquiries won't receive a response).

Regular or Temporary:

Regular
Language Fluency: English (Required)

Work Shift:

1st shift (United States of America)
Please review the following job description:
Provide process, design and analysis support for developing solutions for interfacing business applications. Drive requirements elicitation process for work efforts of all size and complexity. Work in an indirect leadership capacity to influence collaboration, communication and outcomes of various initiatives. Lead work on all phases of systems analysis up to the enterprise level of the organization's business processes and systems. Provide project and portfolio management for smaller projects and business enhancements. Serve as a key liaison between line of business (LOB) and the Technology Delivery team.
ESSENTIAL DUTIES AND RESPONSIBILITIES

Following is a summary of the essential functions for this job. Other duties may be performed, both major and minor, which are not mentioned below. Specific activities may change from time to time.

1. Serve as a key liaison between the Technology Delivery team and LOBs.

2. Collaborate with peer groups in Technology and LOBs to identify, document and communicate business needs and provide technology solutions.

3. Work closely with business stakeholders to understand business processes and strategies.

4. Establish project and work requests requirements using document, business process and workflow analysis. Ensure all stakeholders are involved in requirements gathering activities.

5. Facilitate requirements elicitation sessions and walkthroughs with appropriate stakeholders to plan, elicit, capture, analyze and validate business, functional and technical requirements

6. Perform current state analysis of existing business systems, applications and functions.

7. Prepare user interface diagrams, business process and workflow diagrams in support of small work requests (enhancements) or large scale project implementations.

8. Understand the long-term business objectives and suggest strategies to meet those objectives and introduce technical innovations, as needed.

9. Develop and maintain effective working relationships with business process owners and other stakeholders to develop acceptance criteria and a plan to facilitate user acceptance testing of a solution that meets the business requirements.

10. Assist/coordinate pre-planning activities (e.g. business case, project estimate, project risk assessment, stakeholder analysis, draft charter).

11. Facilitate routine meetings with business stakeholders to provide updates on in-flight initiatives.

12. Attend business unit management meetings, as needed.

13. Become deeply immersed and knowledgeable about core business functions, processes and workflows associated with assigned business areas and projects.

14. Observe and ensure strict adherence to all Technology and Truist policies and standards (e.g. Systems Development Life Cycle (SDLC), Change Management).

15.Coach and mentor junior level Business Analysts.

QUALIFICATIONS

Following is a summary of the essential functions for this job. Other duties may be performed, both major and minor, which are not mentioned below. Specific activities may change from time to time.

Required Qualifications:

1. Serve as a key liaison between the Technology Delivery team and LOBs.

2. Collaborate with peer groups in Technology and LOBs to identify, document and communicate business needs and provide technology solutions.

3. Work closely with business stakeholders to understand business processes and strategies.

4. Establish project and work requests requirements using document, business process and workflow analysis. Ensure all stakeholders are involved in requirements gathering activities.

5. Facilitate requirements elicitation sessions and walkthroughs with appropriate stakeholders to plan, elicit, capture, analyze and validate business, functional and technical requirements

6. Perform current state analysis of existing business processes, systems, applications and functions. Work with teams to generate possible solutions.

7. Prepare user interface diagrams, business process and workflow diagrams in support of small work requests (enhancements) or large scale project implementations.

8. Understand the long-term business objectives and suggest strategies to meet those objectives and introduce technical innovations, as needed.

9. Develop and maintain effective working relationships with business process owners and other stakeholders to develop acceptance criteria and a plan to facilitate user acceptance testing of a solution that meets the business requirements.

10. Assist/coordinate pre-planning activities (e.g. business case, project estimate, project risk assessment, stakeholder analysis, draft charter, budgets, metrics).

11. Facilitate routine meetings with business stakeholders to provide updates on in-flight initiatives.

12. Attend business unit management meetings, as needed.

13. Become deeply immersed and knowledgeable about core business functions, processes and workflows associated with assigned business areas and projects.

14. Observe and ensure strict adherence to all Technology and Truist policies and standards (e.g. Systems Development Life Cycle (SDLC), Change Management).

15.Coach and mentor junior level Business Analysts.

Preferred Qualifications:

1. An understanding of current trends in technology

2. Ability to read, analyze and interpret technical data

3. Project Management Institute (PMI) or International Institute of Business Analysis (IIBA) certification

4. Proficient in the use of Microsoft Visio, PowerPoint and Excel graphs to prepare executive level presentations

OTHER JOB REQUIREMENTS / WORKING CONDITIONS

Sitting

Constantly (More than 50% of the time)

Standing

Occasionally (Less than 25% of the time)

Walking

Occasionally (Less than 25% of the time)
Visual / Audio / Speaking

Able to access and interpret client information received from the computer and able to hear and speak with individuals in person and on the phone.

Manual Dexterity / Keyboarding

Able to work standard office equipment, including PC keyboard and mouse, copy/fax machines, and printers.

Availability

Able to work all hours scheduled, including overtime as directed by manager/supervisor and required by business need.

Travel

Minimal and up to 10%

General Description of Available Benefits for Eligible Employees of Truist Financial Corporation: All regular teammates (not temporary or contingent workers) working 20 hours or more per week are eligible for benefits, though eligibility for specific benefits may be determined by the division of Truist offering the position. Truist offers medical, dental, vision, life insurance, disability, accidental death and dismemberment, tax-preferred savings accounts, and a 401k plan to teammates. Teammates also receive no less than 10 days of vacation (prorated based on date of hire and by full-time or part-time status) during their first year of employment, along with 10 sick days (also prorated), and paid holidays. For more details on TruistŐs generous benefit plans, please visit our Benefits site. Depending on the position and division, this job may also be eligible for TruistŐs defined benefit pension plan, restricted stock units, and/or a deferred compensation plan. As you advance through the hiring process, you will also learn more about the specific benefits available for any non-temporary position for which you apply, based on full-time or part-time status, position, and division of work.

Truist is an Equal Opportunity Employer that does not discriminate on the basis of race, gender, color, religion, citizenship or national origin, age, sexual orientation, gender identity, disability, veteran status, or other classification protected by law. Truist is a Drug Free Workplace.

EEO is the Law Pay Transparency Nondiscrimination Provision E-Verify"
Business Operations Analyst,https://www.indeed.com/rc/clk?jk=b80623beb9ee4ea1&bb=2IeCU1ILT6rtPOLTy3HRUuOYs24WNZw_QO27SjKKC2uZq6b_UE75-CwMszKk6PXpkBKJOGJTXdgv8T3Uv6cnMikTPkdWzOvZdJmnO_zYbpnmFrW9P7UtKMwSVstCyenEk7SQW77ft7WL6NkWn_VR6w%3D%3D&xkcb=SoAw67M3qoQJRVS4wZ0FbzkdCdPP&fccid=01733f49d56eab90&vjs=3,"Full job description
Business Operations Analyst


The Company: Varonis (Nasdaq: VRNS) is a leader in data security, fighting a different battle than conventional cybersecurity companies. Our cloud-native Data Security Platform continuously discovers and classifies critical data, removes exposures, and detects advanced threats with AI-powered automation.

Thousands of organizations worldwide trust Varonis to defend their data wherever it lives Ń across SaaS, IaaS, and hybrid cloud environments. Customers use Varonis to automate a wide range of security outcomes, including data security posture management (DSPM), data classification, data access governance (DAG), data detection and response (DDR), data loss prevention (DLP), and insider risk management.

Varonis protects data first, not last. Learn more at www.varonis.com.

The Role: As a Business Operations Analyst, you will be responsible for supporting revenue business units in problem-solving, creating value, and improving productivity. You will leverage your business and analytical acumen to advise, design, and implement operational processes. This role involves close collaboration with Sales Managers, Directors, and Vice Presidents, serving as a key point of contact for measuring, analyzing, and resolving problems related to your segmentŐs sales performance and overall execution. We are considering candidates who can be hybrid in any of our Varonis locations (NC/NYC/AZ/FL).


The Requirements:

BA/BS required, preferably with a quantitative focus (Economics, Business, Finance)
Minimum 1-2 years of work experience. Preferably in an Operations / Sales Strategy / Analytics role
Excellent communication skills, both written and oral. Ability to also work effectively across global teams
Detail oriented with ability to multi-task, independently manage projects, and proactively follow through
Excellent analytical, quantitative, and problem-solving skills, combined with strong business judgment
Understanding of sales methodologies and pipeline management
Willing and eager to learn
Advanced Excel experience, fluency in Microsoft Office applications
Experience with a CRM system, preferably Salesforce
Experience in a SaaS or technology company

The Responsibilities:

Create and lead weekly/quarterly presentations and calls to both sales and operations leadership
Build and maintain dashboards & reports to track sales performance, pipeline health, and operational metrics
Perform both operational & strategic productivity analyses for your designated segment
Conduct ad hoc analysis of trends to provide leadership actionable insights which drive decision making
Identify bottlenecks in sales workflows and recommend process improvements
Support the development and implementation of playbooks, sales strategies, and comp plans
Partner with cross-functional teams such as Marketing, Finance, CRM, Channel, and Customer Success to align operational priorities and improve execution.
Support revenue growth initiatives, such as product go-to-market, customer segmentation strategies, hiring capacity, and account planning
Provide support and training to sales reps on tools and processes
Optimize CRM functionality and usage. Build and test user stories surrounding optimization.
Maintain territory and Salesforce CRM accuracy and integrity"